Workbook

Sheet RIESGOS
A1: CANTAR PRESENTE | ANÁLISIS DE RIESGOS
A2: ID | B2: Fecha | C2: Grupo de riesgo | D2: Categoría | E2: Descripción del riesgo | F2: Estado | G2: Probabilidad | H2: Impacto | I2: Exposición | J2: Respuesta | K2: Disparador | L2: Responsable | M2: Acción de respuesta | N2: Contingencia
A3: RSK.01 | C3: Riesgos Cliente | D3: Organizacionales | E3: Dado que los responsables de Sembrar Cantando trabajan en gran parte de forma voluntaria, podrían demorarse las entrevistas y validaciones, ocasionando atrasos en el relevamiento y el desarrollo. | F3: Abierto | G3: 0.75 | H3: 0.75 | I3: =G3*H3 -> 0.5625 | J3: Mitigar | K3: Una validación no se responde dentro de 5 días hábiles o se cancela una reunión clave. | L3: Julieta Salvado / Candelaria Arbe | M3: Acordar un calendario de validaciones, enviar material con anticipación, registrar decisiones y realizar recordatorios antes de cada vencimiento. | N3: Escalar la demora al referente de la ONG y replanificar las tareas afectadas utilizando la última versión aprobada hasta recibir respuesta.
A4: RSK.02 | C4: Riesgos asociados a los Requisitos del Producto y/o Entregables del Proyecto | D4: De Gestión | E4: Dado que pueden solicitarse funcionalidades nuevas después de aprobar el alcance, podría producirse una ampliación no controlada que afecte el cronograma, los recursos y la calidad. | F4: Abierto | G4: 0.5 | H4: 0.75 | I4: =G4*H4 -> 0.375 | J4: Evitar | K4: Se recibe una solicitud que no figura en el alcance ni en la EDT aprobada. | L4: Candelaria Arbe | M4: Aplicar el procedimiento formal de control de cambios y no iniciar ningún cambio sin evaluar y aprobar su impacto. | N4: Si el cambio se aprueba, actualizar las líneas base; si no es imprescindible, registrarlo para una versión futura.
A5: RSK.03 | C5: Riesgos asociados a los Requisitos del Producto y/o Entregables del Proyecto | D5: Objetivos | E5: Dado que el padrón actual puede contener datos incompletos o desactualizados, podrían cargarse participantes incorrectamente y generarse reportes poco confiables. | F5: Abierto | G5: 0.75 | H5: 0.5 | I5: =G5*H5 -> 0.375 | J5: Mitigar | K5: Más del 10% de los registros presentan campos obligatorios faltantes, duplicados o inconsistencias. | L5: Julieta Salvado / Tadeo Jablonski | M5: Definir campos obligatorios, reglas de validación y una plantilla de carga revisada por un referente de la ONG. | N5: Realizar el piloto con el subconjunto validado y dejar la corrección de los datos restantes a cargo del personal autorizado de la ONG.
A6: RSK.04 | C6: Riesgos asociados a los recursos necesarios para la realización del proyecto | D6: Técnicos | E6: Dado que los usuarios utilizarán celulares personales con distintos modelos y navegadores, la PWA podría no funcionar correctamente en algunos dispositivos y dificultar la toma de asistencia. | F6: Abierto | G6: 0.5 | H6: 0.75 | I6: =G6*H6 -> 0.375 | J6: Mitigar | K6: Una función crítica falla en alguno de los dispositivos o navegadores acordados para el piloto. | L6: Nicolás Pérez Colman / Candela Fernandez | M6: Definir una matriz de compatibilidad y ejecutar pruebas tempranas en los dispositivos acordados, priorizando una interfaz liviana y responsiva. | N6: Limitar temporalmente el piloto a los dispositivos compatibles disponibles en la ONG y corregir la incompatibilidad antes de ampliar el uso.
A7: RSK.05 | C7: Riesgos asociados al trabajo específico a realizar | D7: Técnicos | E7: Dado que la aplicación almacenará asistencias sin conexión y las sincronizará después, podrían perderse, duplicarse o entrar en conflicto registros durante la sincronización. | F7: Abierto | G7: 0.5 | H7: 1 | I7: =G7*H7 -> 0.5 | J7: Mitigar | K7: Se detectan registros duplicados o faltantes, conflictos de versión o una cola que falla en dos intentos consecutivos. | L7: Nicolás Pérez Colman / Tadeo Jablonski / Candela Fernandez | M7: Usar identificadores únicos, cola de reintentos, validaciones de integridad y pruebas específicas en escenarios offline y de reconexión. | N7: Pausar la sincronización afectada, conservar los datos locales, restaurar el último respaldo válido y reprocesar los registros controladamente.
A8: RSK.06 | C8: Riesgos asociados al trabajo específico a realizar | D8: Técnicos | E8: Dado que el sistema manejará datos personales de menores, un acceso no autorizado o una credencial expuesta podría comprometer la confidencialidad y la confianza de la ONG. | F8: Abierto | G8: 0.25 | H8: 1 | I8: =G8*H8 -> 0.25 | J8: Mitigar | K8: Se detectan intentos de acceso indebido, una credencial expuesta o actividad de usuario no reconocida. | L8: Santiago Fila / Tadeo Jablonski | M8: Aplicar autenticación, permisos por rol, mínimo privilegio, HTTPS y datos ficticios o anonimizados durante el desarrollo y las pruebas. | N8: Revocar accesos, rotar credenciales, aislar el componente afectado, revisar registros y comunicar el incidente al referente de la ONG.
A9: RSK.07 | C9: Riesgos Proveedor / Subcontratista | D9: Externos | E9: Dado que el proyecto utilizará servicios gratuitos de nube, una caída, cambio de condiciones o límite de consumo podría afectar el despliegue, la sincronización o la disponibilidad. | F9: Abierto | G9: 0.5 | H9: 0.75 | I9: =G9*H9 -> 0.375 | J9: Aceptar | K9: El consumo supera el 80% del límite gratuito, el proveedor anuncia cambios o el servicio permanece caído más de 2 horas. | L9: Nicolás Pérez Colman / Santiago Fila | M9: Monitorear consumo y disponibilidad, optimizar recursos y mantener copias exportables de la configuración, el código y la base de datos. | N9: Restaurar el servicio en una alternativa gratuita compatible o trabajar temporalmente con la información local hasta recuperar la sincronización.
A10: RSK.08 | C10: Riesgos Cliente | D10: Organizacionales | E10: Dado que algunos directores y voluntarios pueden tener poca experiencia digital o resistencia al cambio, la aplicación podría utilizarse de forma incorrecta o quedar sin adopción. | F10: Abierto | G10: 0.5 | H10: 0.75 | I10: =G10*H10 -> 0.375 | J10: Mitigar | K10: Menos del 80% de los usuarios previstos participa de la capacitación o se repiten errores críticos durante el piloto. | L10: Julieta Salvado / Candela Fernandez | M10: Involucrar usuarios en las validaciones, simplificar los flujos, realizar capacitación práctica y entregar un manual breve con ejemplos. | N10: Realizar una capacitación de refuerzo y acompañar la carga durante el soporte inicial hasta que el referente interno pueda asistir a los usuarios.
A11: RSK.09 | C11: Riesgos asociados a los recursos necesarios para la realización del proyecto | D11: De Gestión | E11: Dado que el equipo combina el proyecto con otras materias y obligaciones académicas, podrían producirse indisponibilidades o demoras en tareas críticas. | F11: Abierto | G11: 0.5 | H11: 0.75 | I11: =G11*H11 -> 0.375 | J11: Mitigar | K11: Una tarea crítica se demora más de 3 días o su responsable informa que no podrá cumplir la fecha comprometida. | L11: Candelaria Arbe | M11: Asignar responsables alternativos, revisar el avance semanalmente, reservar margen para tareas críticas y mantener la documentación actualizada. | N11: Reasignar la tarea, priorizar las funcionalidades esenciales del alcance y reprogramar actividades no críticas sin afectar el piloto.
A12: RSK.10 | C12: Riesgos Asociados al Contexto del Proyecto | D12: Externos | E12: Dado que la prueba piloto depende de una sede, usuarios y dispositivos disponibles, una cancelación o falta de condiciones podría impedir ejecutarla en la fecha prevista. | F12: Abierto | G12: 0.25 | H12: 0.75 | I12: =G12*H12 -> 0.1875 | J12: Mitigar | K12: La sede o los usuarios no confirman disponibilidad 72 horas antes, o no se cuenta con al menos un dispositivo compatible. | L12: Candelaria Arbe / Referente de la ONG | M12: Confirmar con anticipación sede, horario, participantes, dispositivos y condiciones del piloto mediante una lista de verificación. | N12: Trasladar la prueba a otra sede acordada o reprogramarla dentro del margen previsto en el cronograma.
A13: RSK.11 | C13: Riesgos asociados al Proceso y Métodos de Gestión del Proyecto | D13: Técnicos | E13: Dado que el tiempo y la variedad de dispositivos de prueba son limitados, podrían detectarse errores críticos recién durante el piloto o la puesta en funcionamiento. | F13: Abierto | G13: 0.5 | H13: 0.75 | I13: =G13*H13 -> 0.375 | J13: Mitigar | K13: Quedan casos críticos sin ejecutar, aparecen defectos bloqueantes o la cobertura acordada no se completa antes del piloto. | L13: Candela Fernandez | M13: Preparar casos de prueba desde cada incremento, priorizar funciones críticas y ejecutar pruebas funcionales, offline, sincronización, seguridad y usabilidad. | N13: Postergar la liberación de la función afectada, corregir el defecto y repetir las pruebas críticas antes de habilitarla a los usuarios.
A14: RSK.12 | C14: Riesgos asociados al Proceso y Métodos de Gestión del Proyecto | D14: De Gestión | E14: Dado que el equipo externo finalizará su participación, una transferencia incompleta de accesos, documentación y conocimiento podría dejar a la ONG dependiente del equipo del proyecto. | F14: Abierto | G14: 0.25 | H14: 0.75 | I14: =G14*H14 -> 0.1875 | J14: Mitigar | K14: Diez días antes del cierre faltan manuales, accesos transferidos, respaldos o un referente interno capacitado. | L14: Candelaria Arbe / Nicolás Pérez Colman | M14: Usar una lista de cierre con manuales, repositorio, credenciales, respaldos, capacitación y aceptación formal del referente de la ONG. | N14: Completar los elementos pendientes durante el período de soporte inicial de dos meses y efectuar una segunda transferencia documentada.
... A38: RSK.36 | C38: Riesgos asociados al Proceso y Métodos de Gestión del Proyecto | D38: Comunicación | E38: Dado que decisiones y cambios pueden quedar solo en conversaciones, el equipo podría trabajar con versiones distintas de los acuerdos. | F38: Abierto | G38: 0.5 | H38: 0.75 | I38: =G38*H38 -> 0.375 | J38: Mitigar | K38: Dos integrantes implementan criterios diferentes o no pueden localizar la última decisión aprobada. | L38: Candelaria Arbe | M38: Centralizar minutas, decisiones, responsables y versiones de documentos, confirmando los cambios relevantes al equipo. | N38: Detener la tarea afectada, confirmar la decisión vigente y corregir el trabajo inconsistente.

Sheet PROBABILIDAD
A1: CANTAR PRESENTE | PROBABILIDAD
A3: Grupo de riesgo | B3: Probabilidad
A4: Cliente / ONG | B4: =AVERAGEIFS(RIESGOS!$G$3:$G$38,RIESGOS!$C$3:$C$38,"Riesgos Cliente") -> 0.5
A5: Requisitos | B5: =AVERAGEIFS(RIESGOS!$G$3:$G$38,RIESGOS!$C$3:$C$38,"Riesgos asociados a los Requisitos del Producto y/o Entregables del Proyecto") -> 0.625
A6: Trabajo técnico | B6: =AVERAGEIFS(RIESGOS!$G$3:$G$38,RIESGOS!$C$3:$C$38,"Riesgos asociados al trabajo específico a realizar") -> 0.41666667
A7: Proveedor cloud | B7: =AVERAGEIFS(RIESGOS!$G$3:$G$38,RIESGOS!$C$3:$C$38,"Riesgos Proveedor / Subcontratista") -> 0.5
A8: Recursos | B8: =AVERAGEIFS(RIESGOS!$G$3:$G$38,RIESGOS!$C$3:$C$38,"Riesgos asociados a los recursos necesarios para la realización del proyecto") -> 0.41666667
A9: Contexto | B9: =AVERAGEIFS(RIESGOS!$G$3:$G$38,RIESGOS!$C$3:$C$38,"Riesgos Asociados al Contexto del Proyecto") -> 0.5
A10: Gestión / procesos | B10: =AVERAGEIFS(RIESGOS!$G$3:$G$38,RIESGOS!$C$3:$C$38,"Riesgos asociados al Proceso y Métodos de Gestión del Proyecto") -> 0.5

Sheet IMPACTO
A1: CANTAR PRESENTE | IMPACTO
A3: Grupo de riesgo | B3: Impacto
A4: Cliente / ONG | B4: =AVERAGEIFS(RIESGOS!$H$3:$H$38,RIESGOS!$C$3:$C$38,"Riesgos Cliente") -> 0.8
A5: Requisitos | B5: =AVERAGEIFS(RIESGOS!$H$3:$H$38,RIESGOS!$C$3:$C$38,"Riesgos asociados a los Requisitos del Producto y/o Entregables del Proyecto") -> 0.75
A6: Trabajo técnico | B6: =AVERAGEIFS(RIESGOS!$H$3:$H$38,RIESGOS!$C$3:$C$38,"Riesgos asociados al trabajo específico a realizar") -> 0.875
A7: Proveedor cloud | B7: =AVERAGEIFS(RIESGOS!$H$3:$H$38,RIESGOS!$C$3:$C$38,"Riesgos Proveedor / Subcontratista") -> 0.75
A8: Recursos | B8: =AVERAGEIFS(RIESGOS!$H$3:$H$38,RIESGOS!$C$3:$C$38,"Riesgos asociados a los recursos necesarios para la realización del proyecto") -> 0.83333333
A9: Contexto | B9: =AVERAGEIFS(RIESGOS!$H$3:$H$38,RIESGOS!$C$3:$C$38,"Riesgos Asociados al Contexto del Proyecto") -> 0.625
A10: Gestión / procesos | B10: =AVERAGEIFS(RIESGOS!$H$3:$H$38,RIESGOS!$C$3:$C$38,"Riesgos asociados al Proceso y Métodos de Gestión del Proyecto") -> 0.70833333

Sheet EXPOSICIÓN
A1: CANTAR PRESENTE | EXPOSICIÓN
A3: Grupo de riesgo | B3: Exposición
A4: Cliente / ONG | B4: =AVERAGEIFS(RIESGOS!$I$3:$I$38,RIESGOS!$C$3:$C$38,"Riesgos Cliente") -> 0.3875
A5: Requisitos | B5: =AVERAGEIFS(RIESGOS!$I$3:$I$38,RIESGOS!$C$3:$C$38,"Riesgos asociados a los Requisitos del Producto y/o Entregables del Proyecto") -> 0.45833333
A6: Trabajo técnico | B6: =AVERAGEIFS(RIESGOS!$I$3:$I$38,RIESGOS!$C$3:$C$38,"Riesgos asociados al trabajo específico a realizar") -> 0.359375
A7: Proveedor cloud | B7: =AVERAGEIFS(RIESGOS!$I$3:$I$38,RIESGOS!$C$3:$C$38,"Riesgos Proveedor / Subcontratista") -> 0.375
A8: Recursos | B8: =AVERAGEIFS(RIESGOS!$I$3:$I$38,RIESGOS!$C$3:$C$38,"Riesgos asociados a los recursos necesarios para la realización del proyecto") -> 0.33333333
A9: Contexto | B9: =AVERAGEIFS(RIESGOS!$I$3:$I$38,RIESGOS!$C$3:$C$38,"Riesgos Asociados al Contexto del Proyecto") -> 0.28125
A10: Gestión / procesos | B10: =AVERAGEIFS(RIESGOS!$I$3:$I$38,RIESGOS!$C$3:$C$38,"Riesgos asociados al Proceso y Métodos de Gestión del Proyecto") -> 0.35416667

Sheet MATRIZ P-I
A1: CANTAR PRESENTE | MATRIZ PROBABILIDAD–IMPACTO
B3: Impacto
A4: Probabilidad | B4: 0.25 | C4: 0.5 | D4: 0.75 | E4: 1
A5: 1 | B5: =SUMIFS(RIESGOS!$I$3:$I$38,RIESGOS!$G$3:$G$38,$A5,RIESGOS!$H$3:$H$38,B$4) -> 0 | C5: =SUMIFS(RIESGOS!$I$3:$I$38,RIESGOS!$G$3:$G$38,$A5,RIESGOS!$H$3:$H$38,C$4) -> 0 | D5: =SUMIFS(RIESGOS!$I$3:$I$38,RIESGOS!$G$3:$G$38,$A5,RIESGOS!$H$3:$H$38,D$4) -> 0 | E5: =SUMIFS(RIESGOS!$I$3:$I$38,RIESGOS!$G$3:$G$38,$A5,RIESGOS!$H$3:$H$38,E$4) -> 0
A6: 0.75 | B6: =SUMIFS(RIESGOS!$I$3:$I$38,RIESGOS!$G$3:$G$38,$A6,RIESGOS!$H$3:$H$38,B$4) -> 0 | C6: =SUMIFS(RIESGOS!$I$3:$I$38,RIESGOS!$G$3:$G$38,$A6,RIESGOS!$H$3:$H$38,C$4) -> 0.75 | D6: =SUMIFS(RIESGOS!$I$3:$I$38,RIESGOS!$G$3:$G$38,$A6,RIESGOS!$H$3:$H$38,D$4) -> 2.8125 | E6: =SUMIFS(RIESGOS!$I$3:$I$38,RIESGOS!$G$3:$G$38,$A6,RIESGOS!$H$3:$H$38,E$4) -> 0
A7: 0.5 | B7: =SUMIFS(RIESGOS!$I$3:$I$38,RIESGOS!$G$3:$G$38,$A7,RIESGOS!$H$3:$H$38,B$4) -> 0 | C7: =SUMIFS(RIESGOS!$I$3:$I$38,RIESGOS!$G$3:$G$38,$A7,RIESGOS!$H$3:$H$38,C$4) -> 0.25 | D7: =SUMIFS(RIESGOS!$I$3:$I$38,RIESGOS!$G$3:$G$38,$A7,RIESGOS!$H$3:$H$38,D$4) -> 5.625 | E7: =SUMIFS(RIESGOS!$I$3:$I$38,RIESGOS!$G$3:$G$38,$A7,RIESGOS!$H$3:$H$38,E$4) -> 2
A8: 0.25 | B8: =SUMIFS(RIESGOS!$I$3:$I$38,RIESGOS!$G$3:$G$38,$A8,RIESGOS!$H$3:$H$38,B$4) -> 0 | C8: =SUMIFS(RIESGOS!$I$3:$I$38,RIESGOS!$G$3:$G$38,$A8,RIESGOS!$H$3:$H$38,C$4) -> 0 | D8: =SUMIFS(RIESGOS!$I$3:$I$38,RIESGOS!$G$3:$G$38,$A8,RIESGOS!$H$3:$H$38,D$4) -> 0.75 | E8: =SUMIFS(RIESGOS!$I$3:$I$38,RIESGOS!$G$3:$G$38,$A8,RIESGOS!$H$3:$H$38,E$4) -> 1.25
